FirstName,Last_name,Eamil,pwd,cpwd
PUoyXzXS,BdS,3495f78u@yahoo.com,^E+9aiD]8v,^E+9aiD]8v
aIcUyRvl,jLO,lh6hknez@outlook.com,l+~}R6@qHs,l+~}R6@qHs
uOHRybdC,SfM,70eh6mxf@outlook.com,"""\_jok>EgV","""\_jok>EgV"
vOGdXzFE,QpC,nrs0vmig@gmail.com,g%u9oKlAty,g%u9oKlAty
rizapAdo,nrz,q69ypfhf@yahoo.com,H0Th#8!ea>,H0Th#8!ea>
dHjOaSxD,UYu,zforv0kg@outlook.com,"""US]I]=?\f","""US]I]=?\f"
DkykLEii,cYr,bwm3mcrg@outlook.com,]HmvZQzW>',]HmvZQzW>'
HHQjQCWt,Vge,lfxnoxih@gmail.com,eku}J+@'ce,eku}J+@'ce
GkDtqAOo,RBU,rfcbgzx3@outlook.com,~)9DX^7^Q$,~)9DX^7^Q$
htgommYQ,vEI,k8obmcsh@yahoo.com,Kv9Hi5[/e<,Kv9Hi5[/e<
hZSUmtNA,tWf,lamyhrln@gmail.com,YPV8)HtI37,YPV8)HtI37
nOVoxTeK,jUb,eec75tms@gmail.com,"#5qZ""mVQ*<","#5qZ""mVQ*<"
dSmgqinf,icE,f8lf5rdw@yahoo.com,pYwtmdsE3l,pYwtmdsE3l
xPUiNdvr,fky,6wgks062@gmail.com,"""O6Gz()a-]","""O6Gz()a-]"
